<?xml version="1.0" encoding="UTF-8"?>
<project-private xmlns="http://www.netbeans.org/ns/project-private/1">
    <editor-bookmarks xmlns="http://www.netbeans.org/ns/editor-bookmarks/2" lastBookmarkId="0"/>
    <open-files xmlns="http://www.netbeans.org/ns/projectui-open-files/2">
        <group>
            <file>file:/C:/Users/Fselc/OneDrive/Masaüstü/Acil-Servis-Otomasyonu-master/src/controller/FXMLHastaAra.fxml</file>
            <file>file:/C:/Users/Fselc/OneDrive/Masaüstü/Acil-Servis-Otomasyonu-master/src/dao/HastaDao.java</file>
            <file>file:/C:/Users/Fselc/OneDrive/Masaüstü/Acil-Servis-Otomasyonu-master/src/util/DBConnection.java</file>
            <file>file:/C:/Users/Fselc/OneDrive/Masaüstü/Acil-Servis-Otomasyonu-master/src/controller/FXMLDocument.fxml</file>
            <file>file:/C:/Users/Fselc/OneDrive/Masaüstü/Acil-Servis-Otomasyonu-master/src/Strategy/durumuYesil.java</file>
            <file>file:/C:/Users/Fselc/OneDrive/Masaüstü/Acil-Servis-Otomasyonu-master/src/controller/Alanlar.fxml</file>
            <file>file:/C:/Users/Fselc/OneDrive/Masaüstü/Acil-Servis-Otomasyonu-master/src/Strategy/Strategy.java</file>
            <file>file:/C:/Users/Fselc/OneDrive/Masaüstü/Acil-Servis-Otomasyonu-master/src/Strategy/durumuSari.java</file>
            <file>file:/C:/Users/Fselc/OneDrive/Masaüstü/Acil-Servis-Otomasyonu-master/src/Strategy/durumuKirmizi.java</file>
            <file>file:/C:/Users/Fselc/OneDrive/Masaüstü/Acil-Servis-Otomasyonu-master/src/controller/AdminGiris.fxml</file>
            <file>file:/C:/Users/Fselc/OneDrive/Masaüstü/Acil-Servis-Otomasyonu-master/src/controller/AlanlarController.java</file>
            <file>file:/C:/Users/Fselc/OneDrive/Masaüstü/Acil-Servis-Otomasyonu-master/src/Strategy/hastaMuayene.java</file>
            <file>file:/C:/Users/Fselc/OneDrive/Masaüstü/Acil-Servis-Otomasyonu-master/nbproject/jfx-impl.xml</file>
            <file>file:/C:/Users/Fselc/OneDrive/Masaüstü/Acil-Servis-Otomasyonu-master/src/controller/AdminGirisController.java</file>
            <file>file:/C:/Users/Fselc/OneDrive/Masaüstü/Acil-Servis-Otomasyonu-master/src/controller/AcilServisOtomasyonu.java</file>
            <file>file:/C:/Users/Fselc/OneDrive/Masaüstü/Acil-Servis-Otomasyonu-master/src/controller/Giris.fxml</file>
            <file>file:/C:/Users/Fselc/OneDrive/Masaüstü/Acil-Servis-Otomasyonu-master/src/controller/GirisController.java</file>
        </group>
    </open-files>
</project-private>
